{
	"format_version": "1.8.0",
	"animations": {
		"animation.bbhc.walk": {
			"loop": true,
			"animation_length": 0.58333,
			"bones": {
				"1": {
					"rotation": {
						"0.0": {
							"vector": [0, 0, 0]
						},
						"0.1667": {
							"vector": [6.03188, 25.47419, -3.75503]
						},
						"0.375": {
							"vector": [-55.04458, -0.41942, -25.50194]
						},
						"0.5833": {
							"vector": [0, 0, 0]
						}
					},
					"position": {
						"0.0": {
							"vector": [0, 0, 0]
						},
						"0.1667": {
							"vector": [0, -0.2, 0.1]
						},
						"0.375": {
							"vector": [0, 0.2, 0]
						},
						"0.5833": {
							"vector": [0, 0, 0]
						}
					}
				},
				"2": {
					"rotation": {
						"0.0": {
							"vector": [0, 0, 0]
						},
						"0.1667": {
							"vector": [-42.19449, -20.306, -8.378]
						},
						"0.375": {
							"vector": [5.80551, -20.306, -8.378]
						},
						"0.5833": {
							"vector": [0, 0, 0]
						}
					},
					"position": {
						"0.0": {
							"vector": [0, 0, 0]
						},
						"0.1667": {
							"vector": [0, 0.2, 0]
						},
						"0.375": {
							"vector": [0, -0.2, 0.1]
						},
						"0.5833": {
							"vector": [0, 0, 0]
						}
					}
				},
				"b1": {
					"rotation": {
						"0.0": {
							"vector": [0, 0, 0]
						},
						"0.1667": {
							"vector": [-18.93286, 1.62599, 4.72886]
						},
						"0.375": {
							"vector": [32.5, 0, 0]
						},
						"0.5833": {
							"vector": [0, 0, 0]
						}
					},
					"position": {
						"0.0": {
							"vector": [0, 0, 0]
						},
						"0.1667": {
							"vector": [0, -0.1, 0]
						},
						"0.375": {
							"vector": [0, 0.3, 0]
						},
						"0.5833": {
							"vector": [0, 0, 0]
						}
					}
				},
				"b2": {
					"rotation": {
						"0.0": {
							"vector": [0, 0, 0]
						},
						"0.1667": {
							"vector": [32.5, 0, 0]
						},
						"0.375": {
							"vector": [-18.93286, 1.62599, 4.72886]
						},
						"0.5833": {
							"vector": [0, 0, 0]
						}
					},
					"position": {
						"0.0": {
							"vector": [0, 0, 0]
						},
						"0.1667": {
							"vector": [0, 0.3, 0]
						},
						"0.375": {
							"vector": [0, -0.1, 0]
						},
						"0.5833": {
							"vector": [0, 0, 0]
						}
					}
				}
			}
		},
		"animation.bbhc.idle": {
			"loop": true,
			"animation_length": 1,
			"bones": {
				"1": {
					"rotation": {
						"0.25": {
							"vector": [0, 0, 0]
						},
						"0.625": {
							"vector": [-35, 0, 0]
						},
						"1.0": {
							"vector": [0, 0, 0]
						}
					}
				},
				"2": {
					"rotation": {
						"0.0": {
							"vector": [0, 0, 0]
						},
						"0.375": {
							"vector": [-35, 0, 0]
						},
						"0.75": {
							"vector": [0, 0, 0]
						}
					}
				},
				"body": {
					"rotation": {
						"0.0": {
							"vector": [0, 0, 0]
						},
						"0.5": {
							"vector": [-5, 0, 0]
						},
						"1.0": {
							"vector": [0, 0, 0]
						}
					}
				}
			}
		},
		"animation.bbhc.jump": {
			"animation_length": 0.75,
			"bones": {
				"backlegs": {
					"rotation": {
						"0.0": {
							"vector": [0, 0, 0]
						},
						"0.2083": {
							"vector": [67, 0, 0]
						},
						"0.4583": {
							"vector": [67, 0, 0]
						},
						"0.75": {
							"vector": [0, 0, 0]
						}
					}
				},
				"frontlegs": {
					"rotation": {
						"vector": [0, 0, 0]
					}
				},
				"bodyrotation": {
					"rotation": {
						"0.0": {
							"vector": [0, 0, 0]
						},
						"0.2083": {
							"vector": [-93, 0, 0]
						},
						"0.4583": {
							"vector": [-93, 0, 0]
						},
						"0.75": {
							"vector": [0, 0, 0]
						}
					}
				}
			}
		}
	},
	"geckolib_format_version": 2
}