{
	"format_version": "1.8.0",
	"animations": {
		"animation.cockroach.antena": {
			"loop": true,
			"animation_length": 3.45833,
			"bones": {
				"antena1": {
					"rotation": {
						"0.0": {
							"vector": [0, 0, 0]
						},
						"0.5": {
							"vector": [0, 0, 22.5]
						},
						"1.125": {
							"vector": [12.5, 0, -12.5]
						},
						"1.75": {
							"vector": [0, 0, 0]
						},
						"2.375": {
							"vector": [0, 0, 22.5]
						},
						"2.875": {
							"vector": [-27.14315, 22.29214, -15.01445]
						},
						"3.4583": {
							"vector": [0, 0, 0]
						}
					}
				},
				"antena2": {
					"rotation": {
						"0.0": {
							"vector": [0, 0, 0]
						},
						"0.5": {
							"vector": [0, 0, -20]
						},
						"1.125": {
							"vector": [-7.5, 0, 25]
						},
						"1.75": {
							"vector": [0, 0, 0]
						},
						"2.375": {
							"vector": [0, 0, -20]
						},
						"2.875": {
							"vector": [-9.88206, -1.08089, 15.04608]
						},
						"3.4583": {
							"vector": [0, 0, 0]
						}
					}
				}
			}
		},
		"animation.cockroach.walk": {
			"loop": true,
			"animation_length": 0.5,
			"bones": {
				"body": {
					"rotation": {
						"vector": [0, 0, 0]
					}
				},
				"leg1": {
					"rotation": {
						"0.0": {
							"vector": [0, -2, 0]
						},
						"0.25": {
							"vector": [0, -17, 0]
						},
						"0.5": {
							"vector": [0, -2, 0]
						}
					}
				},
				"leg2": {
					"rotation": {
						"0.0": {
							"vector": [0, 46, 0]
						},
						"0.25": {
							"vector": [-3.50534, -35.88655, -3.64282]
						},
						"0.5": {
							"vector": [0, 46, 0]
						}
					}
				},
				"leg3": {
					"rotation": {
						"0.0": {
							"vector": [0, 33, 0]
						},
						"0.25": {
							"vector": [0, 13, 0]
						},
						"0.5": {
							"vector": [0, 33, 0]
						}
					}
				},
				"leg6": {
					"rotation": {
						"0.0": {
							"vector": [3.83471, 36.80871, 2.52133]
						},
						"0.25": {
							"vector": [-4.56106, -51.82803, 0.40236]
						},
						"0.5": {
							"vector": [3.83471, 36.80871, 2.52133]
						}
					}
				},
				"leg5": {
					"rotation": {
						"0.0": {
							"vector": [0, -24, 0]
						},
						"0.25": {
							"vector": [0, -36.5, 0]
						},
						"0.5": {
							"vector": [0, -24, 0]
						}
					}
				},
				"leg4": {
					"rotation": {
						"0.0": {
							"vector": [0.99302, 11.95307, 0.49504]
						},
						"0.25": {
							"vector": [0.97605, -5.54439, 0.19504]
						},
						"0.5": {
							"vector": [0.99302, 11.95307, 0.49504]
						}
					}
				},
				"root": {
					"rotation": {
						"0.0": {
							"vector": [0, 15, 0]
						},
						"0.25": {
							"vector": [0, -15, 0]
						},
						"0.5": {
							"vector": [0, 15, 0]
						}
					}
				}
			}
		},
		"animation.cockroach.idle": {
			"animation_length": 0.16667,
			"bones": {
				"leg1": {
					"rotation": {
						"vector": [0, 0, 0]
					}
				},
				"leg2": {
					"rotation": {
						"vector": [0, 0, 0]
					}
				},
				"leg3": {
					"rotation": {
						"vector": [0, 0, 0]
					}
				},
				"leg6": {
					"rotation": {
						"vector": [0, 0, 0]
					}
				},
				"leg5": {
					"rotation": {
						"vector": [0, 0, 0]
					}
				},
				"leg4": {
					"rotation": {
						"vector": [0, 0, 0]
					}
				}
			}
		}
	},
	"geckolib_format_version": 2
}