{
	"format_version": "1.8.0",
	"animations": {
		"animation.fzombie.run": {
			"loop": true,
			"animation_length": 0.625,
			"bones": {
				"RightArm": {
					"rotation": {
						"0.0": {
							"vector": [-44, 0, 0]
						},
						"0.1667": {
							"vector": [7.15968, 6.39217, 2.85903]
						},
						"0.5": {
							"vector": [-65.04736, 1.74332, 0.77974]
						},
						"0.625": {
							"vector": [-44, 0, 0]
						}
					}
				},
				"LeftArm": {
					"rotation": {
						"0.0": {
							"vector": [-65, 0, 0]
						},
						"0.1667": {
							"vector": [-77.62032, 4.27565, 10.14447]
						},
						"0.5": {
							"vector": [-18.44191, 1.16609, 2.76667]
						},
						"0.625": {
							"vector": [-65, 0, 0]
						}
					}
				},
				"RightLeg": {
					"rotation": {
						"0.0": {
							"vector": [7, 0, 0]
						},
						"0.1667": {
							"vector": [-53, 0, 0]
						},
						"0.5": {
							"vector": [64, 0, 0]
						},
						"0.625": {
							"vector": [7, 0, 0]
						}
					}
				},
				"LeftLeg": {
					"rotation": {
						"0.0": {
							"vector": [-2, 0, 0]
						},
						"0.1667": {
							"vector": [54, 0, 0]
						},
						"0.5": {
							"vector": [-53, 0, 0]
						},
						"0.625": {
							"vector": [-2, 0, 0]
						}
					}
				},
				"ra2": {
					"rotation": {
						"0.0": {
							"vector": [0, -38, 0]
						},
						"0.1667": {
							"vector": [-39.74099, -16.86306, -6.94757]
						},
						"0.5": {
							"vector": [43.05814, -74.87042, -37.38868]
						},
						"0.625": {
							"vector": [0, -38, 0]
						}
					}
				},
				"la2": {
					"rotation": {
						"0.0": {
							"vector": [0, 45, 0]
						},
						"0.1667": {
							"vector": [21, 45, 0]
						},
						"0.5": {
							"vector": [-17.09793, 17.31282, -0.8271]
						},
						"0.625": {
							"vector": [0, 45, 0]
						}
					}
				},
				"ll2": {
					"rotation": {
						"0.0": {
							"vector": [-37.67908, 10.90845, 13.76809]
						},
						"0.1667": {
							"vector": [14, 0, 0]
						},
						"0.5": {
							"vector": [-37.67908, 10.90845, 13.76809]
						},
						"0.625": {
							"vector": [-37.67908, 10.90845, 13.76809]
						}
					}
				},
				"rl2": {
					"rotation": {
						"0.0": {
							"vector": [-10, 0, 0]
						},
						"0.1667": {
							"vector": [-19, 0, 0]
						},
						"0.5": {
							"vector": [28, 0, 0]
						},
						"0.625": {
							"vector": [-10, 0, 0]
						}
					}
				},
				"upperbody": {
					"rotation": {
						"0.0": {
							"vector": [0.95872, -0.09978, 3.00413]
						},
						"0.1667": {
							"vector": [-12.04128, -0.09978, 3.00413]
						},
						"0.2917": {
							"vector": [1.95872, -0.09978, 3.00413]
						},
						"0.5": {
							"vector": [-10.04128, -0.09978, 3.00413]
						},
						"0.625": {
							"vector": [0.95872, -0.09978, 3.00413]
						}
					}
				}
			}
		},
		"animation.fzombie.idle": {
			"loop": true,
			"animation_length": 0.70833,
			"bones": {
				"RightArm": {
					"rotation": {
						"0.0": {
							"vector": [-44, 0, 0]
						},
						"0.375": {
							"vector": [-36, 0, 0]
						},
						"0.7083": {
							"vector": [-44, 0, 0]
						}
					}
				},
				"LeftArm": {
					"rotation": {
						"0.0": {
							"vector": [-65, 0, 0]
						},
						"0.375": {
							"vector": [-76, 0, 0]
						},
						"0.7083": {
							"vector": [-65, 0, 0]
						}
					}
				},
				"ra2": {
					"rotation": {
						"0.0": {
							"vector": [0, -38, 0]
						},
						"0.375": {
							"vector": [-6, -38, 0]
						},
						"0.7083": {
							"vector": [0, -38, 0]
						}
					}
				},
				"la2": {
					"rotation": {
						"0.0": {
							"vector": [0, 45, 0]
						},
						"0.375": {
							"vector": [10, 45, 0]
						},
						"0.7083": {
							"vector": [0, 45, 0]
						}
					}
				},
				"upperbody": {
					"rotation": {
						"0.0": {
							"vector": [0, 0, 0]
						},
						"0.375": {
							"vector": [-4, 0, 0]
						},
						"0.7083": {
							"vector": [0, 0, 0]
						}
					}
				}
			}
		},
		"animation.fzombie.attack": {
			"animation_length": 2.75,
			"bones": {
				"RightArm": {
					"rotation": {
						"0.0": {
							"vector": [-44, 0, 0]
						},
						"0.125": {
							"vector": [-62.56359, 39.18754, 8.21149]
						},
						"0.25": {
							"vector": [-62.56359, 39.18754, 8.21149]
						},
						"0.4167": {
							"vector": [-50.91703, -35.00541, -7.61071]
						},
						"0.5833": {
							"vector": [-47.2636, -19.26588, -0.3501]
						},
						"0.9583": {
							"vector": [-44, 0, 0]
						},
						"1.125": {
							"vector": [-44, 0, 0]
						},
						"1.5833": {
							"vector": [-194.60959, 35.37646, -13.09801]
						},
						"1.7917": {
							"vector": [-159.27667, 38.89901, 3.92903]
						},
						"2.0": {
							"vector": [-194.60959, 35.37646, -13.09801]
						},
						"2.2083": {
							"vector": [-159.27667, 38.89901, 3.92903]
						},
						"2.3333": {
							"vector": [-194.60959, 35.37646, -13.09801]
						},
						"2.5": {
							"vector": [-194.60959, 35.37646, -13.09801]
						},
						"2.5417": {
							"vector": [-159.27667, 38.89901, 3.92903]
						},
						"2.75": {
							"vector": [-44, 0, 0]
						}
					}
				},
				"LeftArm": {
					"rotation": {
						"0.0": {
							"vector": [-65, 0, 0]
						},
						"0.1667": {
							"vector": [-65, 0, 0]
						},
						"0.375": {
							"vector": [-50.13977, 3.52249, -35.85046]
						},
						"0.5": {
							"vector": [-50.13977, 3.52249, -35.85046]
						},
						"0.6667": {
							"vector": [-67.17479, 15.445, 35.48747]
						},
						"0.8333": {
							"vector": [-67.17479, 15.445, 35.48747]
						},
						"1.125": {
							"vector": [-65, 0, 0]
						},
						"1.5833": {
							"vector": [-206.79441, -38.73231, 32.75228]
						},
						"1.7917": {
							"vector": [-178.79441, -38.73231, 32.75228]
						},
						"2.0": {
							"vector": [-206.79441, -38.73231, 32.75228]
						},
						"2.2083": {
							"vector": [-178.79441, -38.73231, 32.75228]
						},
						"2.3333": {
							"vector": [-206.79441, -38.73231, 32.75228]
						},
						"2.5": {
							"vector": [-206.79441, -38.73231, 32.75228]
						},
						"2.5417": {
							"vector": [-178.79441, -38.73231, 32.75228]
						},
						"2.75": {
							"vector": [-65, 0, 0]
						}
					}
				},
				"RightLeg": {
					"rotation": {
						"1.2917": {
							"vector": [0, 0, 0]
						},
						"1.5": {
							"vector": [-16, 0, 0]
						},
						"2.5417": {
							"vector": [-16, 0, 0]
						},
						"2.7083": {
							"vector": [0, 0, 0]
						}
					}
				},
				"LeftLeg": {
					"rotation": {
						"1.2917": {
							"vector": [0, 0, 0]
						},
						"1.5": {
							"vector": [-7, 0, 0]
						},
						"2.5417": {
							"vector": [-7, 0, 0]
						},
						"2.7083": {
							"vector": [0, 0, 0]
						}
					}
				},
				"root": {
					"position": {
						"0.0": {
							"vector": [0, 0, 0]
						},
						"1.2917": {
							"vector": [0, 0, 0]
						},
						"1.5": {
							"vector": [0, -1.5, -1.6]
						},
						"2.4583": {
							"vector": [0, -1.5, -1.6]
						},
						"2.7083": {
							"vector": [0, 0, 0]
						}
					}
				},
				"ra2": {
					"rotation": {
						"0.0": {
							"vector": [0, -38, 0]
						},
						"0.125": {
							"vector": [-18.63487, -15.50968, -9.4932]
						},
						"0.25": {
							"vector": [-18.63487, -15.50968, -9.4932]
						},
						"0.4167": {
							"vector": [9.75195, -15.4576, 31.31822]
						},
						"0.5833": {
							"vector": [-10.24805, -15.4576, 31.31822]
						},
						"0.75": {
							"vector": [11.75195, -15.4576, 31.31822]
						},
						"0.9583": {
							"vector": [0, -38, 0]
						},
						"1.125": {
							"vector": [0, -38, 0]
						},
						"1.5833": {
							"vector": [0, -38, 0]
						},
						"1.7917": {
							"vector": [4, -50, 0]
						},
						"2.0": {
							"vector": [0, -38, 0]
						},
						"2.2083": {
							"vector": [4, -50, 0]
						},
						"2.3333": {
							"vector": [0, -38, 0]
						},