{
	"format_version": "1.8.0",
	"animations": {
		"animation.pzombie.headcrabs": {
			"loop": true,
			"animation_length": 1.125,
			"bones": {
				"h1": {
					"scale": {
						"0.0": {
							"vector": [1, 1, 1]
						},
						"0.5": {
							"vector": [1.01, 1.01, 1.01]
						},
						"1.0833": {
							"vector": [1, 1, 1]
						}
					}
				},
				"h2": {
					"scale": {
						"0.0": {
							"vector": [1, 1, 1]
						},
						"0.5": {
							"vector": [1.01, 1.01, 1.01]
						},
						"1.0833": {
							"vector": [1, 1, 1]
						}
					}
				},
				"h3": {
					"scale": {
						"0.0": {
							"vector": [1, 1, 1]
						},
						"0.5": {
							"vector": [1.01, 1.01, 1.01]
						},
						"1.0833": {
							"vector": [1, 1, 1]
						}
					}
				}
			}
		},
		"animation.pzombie.throw1": {
			"animation_length": 0.83333,
			"bones": {
				"RightArm": {
					"rotation": {
						"0.0": {
							"vector": [0, 0, 0]
						},
						"0.2083": {
							"vector": [-70.38319, 13.44907, 23.29704]
						},
						"0.3333": {
							"vector": [-70.38319, 13.44907, 23.29704]
						},
						"0.4167": {
							"vector": [-118.76876, 45.24128, 20.94422]
						},
						"0.4583": {
							"vector": [-118.76876, 45.24128, 20.94422]
						},
						"0.5417": {
							"vector": [-63.02674, 16.23861, 8.55744]
						},
						"0.6667": {
							"vector": [-63.02674, 16.23861, 8.55744]
						},
						"0.8333": {
							"vector": [0, 0, 0]
						}
					}
				},
				"ra2": {
					"rotation": {
						"0.0": {
							"vector": [0, 0, 0]
						},
						"0.4583": {
							"vector": [0, 0, 0]
						},
						"0.5417": {
							"vector": [42, 0, 0]
						},
						"0.6667": {
							"vector": [42, 0, 0]
						},
						"0.8333": {
							"vector": [0, 0, 0]
						}
					}
				},
				"LeftArm": {
					"rotation": {
						"0.0": {
							"vector": [0, 0, 0]
						},
						"0.2083": {
							"vector": [-122.34854, -41.46061, -57.77276]
						},
						"0.3333": {
							"vector": [-122.34854, -41.46061, -57.77276]
						},
						"0.4167": {
							"vector": [-158.37307, -60.76945, -79.03118]
						},
						"0.4583": {
							"vector": [-158.37307, -60.76945, -79.03118]
						},
						"0.5417": {
							"vector": [-136.83021, -27.7997, -63.44363]
						},
						"0.6667": {
							"vector": [-136.83021, -27.7997, -63.44363]
						},
						"0.8333": {
							"vector": [0, 0, 0]
						}
					}
				},
				"la2": {
					"rotation": {
						"0.0": {
							"vector": [0, 0, 0]
						},
						"0.4583": {
							"vector": [0, 0, 0]
						},
						"0.5417": {
							"vector": [69, 0, 0]
						},
						"0.6667": {
							"vector": [69, 0, 0]
						},
						"0.8333": {
							"vector": [0, 0, 0]
						}
					}
				},
				"h2": {
					"position": {
						"0.2917": {
							"vector": [0, 0, 0]
						},
						"0.3333": {
							"vector": [6, 7, -15]
						},
						"0.4167": {
							"vector": [3, 10, -7]
						},
						"0.4583": {
							"vector": [3, 10, -7]
						},
						"0.5417": {
							"vector": [3, 7, -20]
						}
					},
					"scale": {
						"0.5": {
							"vector": [1, 1, 1]
						},
						"0.5417": {
							"vector": [0, 0, 0]
						}
					}
				}
			}
		},
		"animation.pzombie.throw2": {
			"animation_length": 0.83333,
			"bones": {
				"RightArm": {
					"rotation": {
						"0.0": {
							"vector": [0, 0, 0]
						},
						"0.2083": {
							"vector": [-70.38319, 13.44907, 23.29704]
						},
						"0.3333": {
							"vector": [-70.38319, 13.44907, 23.29704]
						},
						"0.4167": {
							"vector": [-118.76876, 45.24128, 20.94422]
						},
						"0.4583": {
							"vector": [-118.76876, 45.24128, 20.94422]
						},
						"0.5417": {
							"vector": [-63.02674, 16.23861, 8.55744]
						},
						"0.6667": {
							"vector": [-63.02674, 16.23861, 8.55744]
						},
						"0.8333": {
							"vector": [0, 0, 0]
						}
					}
				},
				"ra2": {
					"rotation": {
						"0.0": {
							"vector": [0, 0, 0]
						},
						"0.4583": {
							"vector": [0, 0, 0]
						},
						"0.5417": {
							"vector": [42, 0, 0]
						},
						"0.6667": {
							"vector": [42, 0, 0]
						},
						"0.8333": {
							"vector": [0, 0, 0]
						}
					}
				},
				"LeftArm": {
					"rotation": {
						"0.0": {
							"vector": [0, 0, 0]
						},
						"0.2083": {
							"vector": [-122.34854, -41.46061, -57.77276]
						},
						"0.3333": {
							"vector": [-122.34854, -41.46061, -57.77276]
						},
						"0.4167": {
							"vector": [-158.37307, -60.76945, -79.03118]
						},
						"0.4583": {
							"vector": [-158.37307, -60.76945, -79.03118]
						},
						"0.5417": {
							"vector": [-136.83021, -27.7997, -63.44363]
						},
						"0.6667": {
							"vector": [-136.83021, -27.7997, -63.44363]
						},
						"0.8333": {
							"vector": [0, 0, 0]
						}
					}
				},
				"la2": {
					"rotation": {
						"0.0": {
							"vector": [0, 0, 0]
						},
						"0.4583": {
							"vector": [0, 0, 0]
						},
						"0.5417": {
							"vector": [69, 0, 0]
						},
						"0.6667": {
							"vector": [69, 0, 0]
						},
						"0.8333": {
							"vector": [0, 0, 0]
						}
					}
				},
				"h1": {
					"position": {
						"0.25": {
							"vector": [0, 0, 0]
						},
						"0.2917": {
							"vector": [-3.1, 7, -15]
						},
						"0.4583": {
							"vector": [-4.4, 12.3, -7]
						},
						"0.5": {
							"vector": [-7.9, 7.7, -23.2]
						},
						"0.5833": {
							"vector": [4.8, -10.6, -54]
						}
					},
					"scale": {
						"0.5417": {
							"vector": [1, 1, 1]
						},
						"0.5833": {
							"vector": [0, 0, 0]
						}
					}
				}
			}
		},
		"animation.pzombie.no1": {
			"loop": true,
			"animation_length": 0.04167,
			"bones": {
				"h2": {
					"scale": {
						"vector": [0, 0, 0]
					}
				}
			}
		},
		"animation.pzombie.noall": {
			"loop": true,
			"animation_length": 0.04167,
			"bones": {
				"h1": {
					"scale": {
						"vector": [0, 0, 0]
					}
				},
				"h2": {
					"scale": {
						"vector": [0, 0, 0]
					}
				}
			}
		},
		"animation.pzombie.no2": {
			"loop": true,
			"animation_length": 0.04167,
			"bones": {
				"h1": {
					"scale": {
						"vector": [0, 0, 0]
					}
				}
			}
		},
		"animation.pzombie.walk": {
			"loop": true,
			"animation_length": 1.5,
			"bones": {
				"RightArm": {
					"rotation": {
						"0.0": {
							"vector": [0, 0, 0]
						},
						"0.375": {
							"vector": [36, 0, 0]
						},
						"0.75": {
							"vector": [0, 0, 0]
						},
						"1.125": {
							"vector": [-35, 0, 0]
						},
						"1.5": {
							"vector": [0, 0, 0]
						}
					}
				},
				"LeftArm": {
					"rotation": {
						"0.0": {
							"vector": [0, 0, 0]
						},
						"0.375": {
							"vector": [-78.78413, -5.24043, -59.15034]
						},
						"0.75": {
							"vector": [0, 0, 0]
						},
						"1.125": {
							"vector": [5.59917, -22.62773, -14.28626]
						},
						"1.5": {
							"vector": [0, 0, 0]
						}
					}
				},
				"RightLeg": {
					"rotation": {
						"0.0": {
							"vector": [0, 0, 0]
						},
						"0.375": {
							"vector": [-43, 0, 0]
						},
						"0.75": {
							"vector": [0, 0, 0]
						},
						"1.125": {
							"vector": [17, 0, 0]
						},
						"1.5": {
							"vector": [0, 0, 0]
						}
					}
				},
				"LeftLeg": {
					"rotation": {
						"0.0": {
							"vector": [0, 0, 0]
						},
						"0.375": {
							"vector": [17, 0, 0]
						},
						"0.75": {
							"vector": [0, 0, 0]
						},
						"1.125": {
							"vector": [-43, 0, 0]
						},
						"1.5": {
							"vector": [0, 0, 0]
						}
					}
				}
			}
		},
		"animation.pzombie.idle": {
			"loop": true,
			"animation_length": 1,
			"bones": {
				"RightArm": {
					"rotation": {
						"0.0": {
							"vector": [0, 0, 0]
						},
						"0.5": {
							"vector": [0, 0, 13]
						},
						"1.0": {
							"vector": [0, 0, 0]
						}
					}
				},
				"LeftArm": {
					"rotation": {
						"0.0": {
							"vector": [0, 0, 0]
						},
						"0.5": {
							"vector": [21.5, 0, 0]
						},